{ "timestamp":"2021-03-29T04:55:18Z", "event":"Market", "MarketID":3229698560, "StationName":"Babcock Horizons", "StationType":"Coriolis", "StarSystem":"Ochosag", "Items":[ 
{ "id":128049152, "Name":"$platinum_name;", "Name_Localised":"Platinum", "Category":"$MARKET_category_metals;", "Category_Localised":"Metals", "BuyPrice":0, "SellPrice":225384, "MeanPrice":58247, "StockBracket":0, "DemandBracket":2, "Stock":0, "Demand":2070, "Consumer":true, "Producer":false, "Rare":false }, 
{ "id":128049153, "Name":"$palladium_name;", "Name_Localised":"Palladium", "Category":"$MARKET_category_metals;", "Category_Localised":"Metals", "BuyPrice":0, "SellPrice":59345, "MeanPrice":50587, "StockBracket":0, "DemandBracket":3, "Stock":0, "Demand":35812, "Consumer":true, "Producer":false, "Rare":false }, 
{ "id":128049154, "Name":"$gold_name;", "Name_Localised":"Gold", "Category":"$MARKET_category_metals;", "Category_Localised":"Metals", "BuyPrice":0, "SellPrice":56151, "MeanPrice":47487, "StockBracket":0, "DemandBracket":3, "Stock":0, "Demand":6645, "Consumer":true, "Producer":false, "Rare":false }, 
{ "id":128049155, "Name":"$silver_name;", "Name_Localised":"Silver", "Category":"$MARKET_category_metals;", "Category_Localised":"Metals", "BuyPrice":0, "SellPrice":49169, "MeanPrice":37099, "StockBracket":0, "DemandBracket":3, "Stock":0, "Demand":77011, "Consumer":true, "Producer":false, "Rare":false }, 
{ "id":128049156, "Name":"$bertrandite_name;", "Name_Localised":"Bertrandite", "Category":"$MARKET_category_minerals;", "Category_Localised":"Minerals", "BuyPrice":16944, "SellPrice":16383, "MeanPrice":18730, "StockBracket":2, "DemandBracket":0, "Stock":36619, "Demand":1, "Consumer":false, "Producer":true, "Rare":false }, 
{ "id":128049157, "Name":"$indite_name;", "Name_Localised":"Indite", "Category":"$MARKET_category_minerals;", "Category_Localised":"Minerals", "BuyPrice":10271, "SellPrice":9928, "MeanPrice":11285, "StockBracket":2, "DemandBracket":0, "Stock":13901, "Demand":1, "Consumer":false, "Producer":true, "Rare":false }, 
{ "id":128049158, "Name":"$gallite_name;", "Name_Localised":"Gallite", "Category":"$MARKET_category_minerals;", "Category_Localised":"Minerals", "BuyPrice":10848, "SellPrice":10493, "MeanPrice":11796, "StockBracket":2, "DemandBracket":0, "Stock":60292, "Demand":1, "Consumer":false, "Producer":true, "Rare":false }, 
{ "id":128049159, "Name":"$coltan_name;", "Name_Localised":"Coltan", "Category":"$MARKET_category_minerals;", "Category_Localised":"Minerals", "BuyPrice":5518, "SellPrice":5253, "MeanPrice":6050, "StockBracket":2, "DemandBracket":0, "Stock":20082, "Demand":1, "Consumer":false, "Producer":true, "Rare":false }, 
{ "id":128049160, "Name":"$uraninite_name;", "Name_Localised":"Uraninite", "Category":"$MARKET_category_minerals;", "Category_Localised":"Minerals", "BuyPrice":2684, "SellPrice":2549, "MeanPrice":2865, "StockBracket":2, "DemandBracket":0, "Stock":28656, "Demand":1, "Consumer":false, "Producer":true, "Rare":false }, 
{ "id":128049161, "Name":"$lepidolite_name;", "Name_Localised":"Lepidolite", "Category":"$MARKET_category_minerals;", "Category_Localised":"Minerals", "BuyPrice":3534, "SellPrice":3344, "MeanPrice":709, "StockBracket":2, "DemandBracket":0, "Stock":163662, "Demand":1, "Consumer":false, "Producer":true, "Rare":false }, 
{ "id":128049162, "Name":"$cobalt_name;", "Name_Localised":"Cobalt", "Category":"$MARKET_category_metals;", "Category_Localised":"Metals", "BuyPrice":0, "SellPrice":13753, "MeanPrice":3481, "StockBracket":0, "DemandBracket":2, "Stock":0, "Demand":265103, "Consumer":true, "Producer":false, "Rare":false }, 
{ "id":128049163, "Name":"$rutile_name;", "Name_Localised":"Rutile", "Category":"$MARKET_category_minerals;", "Category_Localised":"Minerals", "BuyPrice":7744, "SellPrice":7483, "MeanPrice":1997, "StockBracket":2, "DemandBracket":0, "Stock":15541, "Demand":1, "Consumer":false, "Producer":true, "Rare":false }, 
{ "id":128049165, "Name":"$bauxite_name;", "Name_Localised":"Bauxite", "Category":"$MARKET_category_minerals;", "Category_Localised":"Minerals", "BuyPrice":9355, "SellPrice":8883, "MeanPrice":1077, "StockBracket":2, "DemandBracket":0, "Stock":2848, "Demand":1, "Consumer":false, "Producer":true, "Rare":false }, 
{ "id":128049166, "Name":"$water_name;", "Name_Localised":"Water", "Category":"$MARKET_category_chemicals;", "Category_Localised":"Chemicals", "BuyPrice":0, "SellPrice":689, "MeanPrice":266, "StockBracket":0, "DemandBracket":3, "Stock":0, "Demand":352144, "Consumer":true, "Producer":false, "Rare":false }, 
{ "id":128049168, "Name":"$beryllium_name;", "Name_Localised":"Beryllium", "Category":"$MARKET_category_metals;", "Category_Localised":"Metals", "BuyPrice":0, "SellPrice":9063, "MeanPrice":8138, "StockBracket":0, "DemandBracket":2, "Stock":0, "Demand":103526, "Consumer":true, "Producer":false, "Rare":false }, 
{ "id":128049169, "Name":"$indium_name;", "Name_Localised":"Indium", "Category":"$MARKET_category_metals;", "Category_Localised":"Metals", "BuyPrice":0, "SellPrice":6563, "MeanPrice":5651, "StockBracket":0, "DemandBracket":2, "Stock":0, "Demand":242563, "Consumer":true, "Producer":false, "Rare":false }, 
{ "id":128049170, "Name":"$gallium_name;", "Name_Localised":"Gallium", "Category":"$MARKET_category_metals;", "Category_Localised":"Metals", "BuyPrice":0, "SellPrice":5885, "MeanPrice":5068, "StockBracket":0, "DemandBracket":2, "Stock":0, "Demand":285179, "Consumer":true, "Producer":false, "Rare":false }, 
{ "id":128049171, "Name":"$tantalum_name;", "Name_Localised":"Tantalum", "Category":"$MARKET_category_metals;", "Category_Localised":"Metals", "BuyPrice":0, "SellPrice":4831, "MeanPrice":3947, "StockBracket":0, "DemandBracket":3, "Stock":0, "Demand":411017, "Consumer":true, "Producer":false, "Rare":false }, 
{ "id":128049172, "Name":"$uranium_name;", "Name_Localised":"Uranium", "Category":"$MARKET_category_metals;", "Category_Localised":"Metals", "BuyPrice":0, "SellPrice":3375, "MeanPrice":2757, "StockBracket":0, "DemandBracket":2, "Stock":0, "Demand":490718, "Consumer":true, "Producer":false, "Rare":false }, 
{ "id":128049173, "Name":"$lithium_name;", "Name_Localised":"Lithium", "Category":"$MARKET_category_metals;", "Category_Localised":"Metals", "BuyPrice":0, "SellPrice":2305, "MeanPrice":1697, "StockBracket":0, "DemandBracket":3, "Stock":0, "Demand":874710, "Consumer":true, "Producer":false, "Rare":false }, 
{ "id":128049174, "Name":"$titanium_name;", "Name_Localised":"Titanium", "Category":"$MARKET_category_metals;", "Category_Localised":"Metals", "BuyPrice":0, "SellPrice":1688, "MeanPrice":1116, "StockBracket":0, "DemandBracket":3, "Stock":0, "Demand":1107140, "Consumer":true, "Producer":false, "Rare":false }, 
{ "id":128049175, "Name":"$copper_name;", "Name_Localised":"Copper", "Category":"$MARKET_category_metals;", "Category_Localised":"Metals", "BuyPrice":0, "SellPrice":1037, "MeanPrice":613, "StockBracket":0, "DemandBracket":2, "Stock":0, "Demand":782976, "Consumer":true, "Producer":false, "Rare":false }, 
{ "id":128049176, "Name":"$aluminium_name;", "Name_Localised":"Aluminium", "Category":"$MARKET_category_metals;", "Category_Localised":"Metals", "BuyPrice":0, "SellPrice":992, "MeanPrice":473, "StockBracket":0, "DemandBracket":3, "Stock":0, "Demand":3171520, "Consumer":true, "Producer":false, "Rare":false }, 
{ "id":128049177, "Name":"$algae_name;", "Name_Localised":"Algae", "Category":"$MARKET_category_foods;", "Category_Localised":"Foods", "BuyPrice":0, "SellPrice":693, "MeanPrice":321, "StockBracket":0, "DemandBracket":3, "Stock":0, "Demand":486635, "Consumer":true, "Producer":false, "Rare":false }, 
{ "id":128049178, "Name":"$fruitandvegetables_name;", "Name_Localised":"Fruit and Vegetables", "Category":"$MARKET_category_foods;", "Category_Localised":"Foods", "BuyPrice":0, "SellPrice":884, "MeanPrice":528, "StockBracket":0, "DemandBracket":3, "Stock":0, "Demand":106399, "Consumer":true, "Producer":false, "Rare":false }, 
{ "id":128049180, "Name":"$grain_name;", "Name_Localised":"Grain", "Category":"$MARKET_category_foods;", "Category_Localised":"Foods", "BuyPrice":0, "SellPrice":761, "MeanPrice":432, "StockBracket":0, "DemandBracket":3, "Stock":0, "Demand":412234, "Consumer":true, "Producer":false, "Rare":false }, 
{ "id":128049182, "Name":"$animalmeat_name;", "Name_Localised":"Animal Meat", "Category":"$MARKET_category_foods;", "Category_Localised":"Foods", "BuyPrice":0, "SellPrice":1985, "MeanPrice":1524, "StockBracket":0, "DemandBracket":3, "Stock":0, "Demand":45629, "Consumer":true, "Producer":false, "Rare":false }, 
{ "id":128049183, "Name":"$fish_name;", "Name_Localised":"Fish", "Category":"$MARKET_category_foods;", "Category_Localised":"Foods", "BuyPrice":0, "SellPrice":986, "MeanPrice":640, "StockBracket":0, "DemandBracket":3, "Stock":0, "Demand":158408, "Consumer":true, "Producer":false, "Rare":false }, 
{ "id":128049184, "Name":"$foodcartridges_name;", "Name_Localised":"Food Cartridges", "Category":"$MARKET_category_foods;", "Category_Localised":"Foods", "BuyPrice":99, "SellPrice":64, "MeanPrice":225, "StockBracket":2, "DemandBracket":0, "Stock":694344, "Demand":1, "Consumer":false, "Producer":true, "Rare":false }, 
{ "id":128049185, "Name":"$syntheticmeat_name;", "Name_Localised":"Synthetic Meat", "Category":"$MARKET_category_foods;", "Category_Localised":"Foods", "BuyPrice":0, "SellPrice":812, "MeanPrice":487, "StockBracket":0, "DemandBracket":3, "Stock":0, "Demand":69969, "Consumer":true, "Producer":false, "Rare":false }, 
{ "id":128049188, "Name":"$tea_name;", "Name_Localised":"Tea", "Category":"$MARKET_category_foods;", "Category_Localised":"Foods", "BuyPrice":0, "SellPrice":2177, "MeanPrice":1691, "StockBracket":0, "DemandBracket":3, "Stock":0, "Demand":44722, "Consumer":true, "Producer":false, "Rare":false }, 
{ "id":128049189, "Name":"$coffee_name;", "Name_Localised":"Coffee", "Category":"$MARKET_category_foods;", "Category_Localised":"Foods", "BuyPrice":0, "SellPrice":1985, "MeanPrice":1504, "StockBracket":0, "DemandBracket":3, "Stock":0, "Demand":29809, "Consumer":true, "Producer":false, "Rare":false }, 
{ "id":128049190, "Name":"$leather_name;", "Name_Localised":"Leather", "Category":"$MARKET_category_textiles;", "Category_Localised":"Textiles", "BuyPrice":0, "SellPrice":727, "MeanPrice":425, "StockBracket":0, "DemandBracket":3, "Stock":0, "Demand":2484516, "Consumer":true, "Producer":false, "Rare":false }, 
{ "id":128049191, "Name":"$naturalfabrics_name;", "Name_Localised":"Natural Fabrics", "Category":"$MARKET_category_textiles;", "Category_Localised":"Textiles", "BuyPrice":0, "SellPrice":1272, "MeanPrice":679, "StockBracket":0, "DemandBracket":3, "Stock":0, "Demand":2698246, "Consumer":true, "Producer":false, "Rare":false }, 
{ "id":128049193, "Name":"$syntheticfabrics_name;", "Name_Localised":"Synthetic Fabrics", "Category":"$MARKET_category_textiles;", "Category_Localised":"Textiles", "BuyPrice":0, "SellPrice":1426, "MeanPrice":360, "StockBracket":0, "DemandBracket":3, "Stock":0, "Demand":6618873, "Consumer":true, "Producer":false, "Rare":false }, 
{ "id":128049197, "Name":"$polymers_name;", "Name_Localised":"Polymers", "Category":"$MARKET_category_industrial_materials;", "Category_Localised":"Industrial materials", "BuyPrice":0, "SellPrice":1227, "MeanPrice":308, "StockBracket":0, "DemandBracket":3, "Stock":0, "Demand":4627757, "Consumer":true, "Producer":false, "Rare":false }, 
{ "id":128049199, "Name":"$semiconductors_name;", "Name_Localised":"Semiconductors", "Category":"$MARKET_category_industrial_materials;", "Category_Localised":"Industrial materials", "BuyPrice":0, "SellPrice":1710, "MeanPrice":1095, "StockBracket":0, "DemandBracket":3, "Stock":0, "Demand":972526, "Consumer":true, "Producer":false, "Rare":false }, 
{ "id":128049200, "Name":"$superconductors_name;", "Name_Localised":"Superconductors", "Category":"$MARKET_category_industrial_materials;", "Category_Localised":"Industrial materials", "BuyPrice":0, "SellPrice":7739, "MeanPrice":6477, "StockBracket":0, "DemandBracket":3, "Stock":0, "Demand":184810, "Consumer":true, "Producer":false, "Rare":false }, 
{ "id":128049202, "Name":"$hydrogenfuel_name;", "Name_Localised":"Hydrogen Fuel", "Category":"$MARKET_category_chemicals;", "Category_Localised":"Chemicals", "BuyPrice":127, "SellPrice":120, "MeanPrice":108, "StockBracket":1, "DemandBracket":0, "Stock":214933, "Demand":1, "Consumer":false, "Producer":true, "Rare":false }, 
{ "id":128049204, "Name":"$explosives_name;", "Name_Localised":"Explosives", "Category":"$MARKET_category_chemicals;", "Category_Localised":"Chemicals", "BuyPrice":0, "SellPrice":1292, "MeanPrice":419, "StockBracket":0, "DemandBracket":3, "Stock":0, "Demand":250522, "Consumer":true, "Producer":false, "Rare":false }, 
{ "id":128049209, "Name":"$performanceenhancers_name;", "Name_Localised":"Performance Enhancers", "Category":"$MARKET_category_medicines;", "Category_Localised":"Medicines", "BuyPrice":0, "SellPrice":7662, "MeanPrice":6834, "StockBracket":0, "DemandBracket":3, "Stock":0, "Demand":24164, "Consumer":true, "Producer":false, "Rare":false }, 
{ "id":128049210, "Name":"$basicmedicines_name;", "Name_Localised":"Basic Medicines", "Category":"$MARKET_category_medicines;", "Category_Localised":"Medicines", "BuyPrice":411, "SellPrice":370, "MeanPrice":436, "StockBracket":2, "DemandBracket":0, "Stock":60881, "Demand":1, "Consumer":false, "Producer":true, "Rare":false }, 
{ "id":128049213, "Name":"$tobacco_name;", "Name_Localised":"Tobacco", "Category":"$MARKET_category_drugs;", "Category_Localised":"Legal drugs", "BuyPrice":0, "SellPrice":5689, "MeanPrice":5320, "StockBracket":0, "DemandBracket":3, "Stock":0, "Demand":37519, "Consumer":true, "Producer":false, "Rare":false }, 
{ "id":128049214, "Name":"$beer_name;", "Name_Localised":"Beer", "Category":"$MARKET_category_drugs;", "Category_Localised":"Legal drugs", "BuyPrice":0, "SellPrice":727, "MeanPrice":402, "StockBracket":0, "DemandBracket":3, "Stock":0, "Demand":420835, "Consumer":true, "Producer":false, "Rare":false }, 
{ "id":128049215, "Name":"$wine_name;", "Name_Localised":"Wine", "Category":"$MARKET_category_drugs;", "Category_Localised":"Legal drugs", "BuyPrice":0, "SellPrice":812, "MeanPrice":483, "StockBracket":0, "DemandBracket":3, "Stock":0, "Demand":163661, "Consumer":true, "Producer":false, "Rare":false }, 
{ "id":128049216, "Name":"$liquor_name;", "Name_Localised":"Liquor", "Category":"$MARKET_category_drugs;", "Category_Localised":"Legal drugs", "BuyPrice":854, "SellPrice":808, "MeanPrice":794, "StockBracket":1, "DemandBracket":0, "Stock":7240, "Demand":1, "Consumer":false, "Producer":true, "Rare":false }, 
{ "id":128049217, "Name":"$powergenerators_name;", "Name_Localised":"Power Generators", "Category":"$MARKET_category_machinery;", "Category_Localised":"Machinery", "BuyPrice":2661, "SellPrice":2573, "MeanPrice":2362, "StockBracket":1, "DemandBracket":0, "Stock":73309, "Demand":1, "Consumer":false, "Producer":true, "Rare":false }, 
{ "id":128049218, "Name":"$waterpurifiers_name;", "Name_Localised":"Water Purifiers", "Category":"$MARKET_category_machinery;", "Category_Localised":"Machinery", "BuyPrice":754, "SellPrice":677, "MeanPrice":411, "StockBracket":1, "DemandBracket":0, "Stock":15452, "Demand":1, "Consumer":false, "Producer":true, "Rare":false }, 
{ "id":128049221, "Name":"$mineralextractors_name;", "Name_Localised":"Mineral Extractors", "Category":"$MARKET_category_machinery;", "Category_Localised":"Machinery", "BuyPrice":0, "SellPrice":1542, "MeanPrice":727, "StockBracket":0, "DemandBracket":2, "Stock":0, "Demand":610520, "Consumer":true, "Producer":false, "Rare":false }, 
{ "id":128049222, "Name":"$cropharvesters_name;", "Name_Localised":"Crop Harvesters", "Category":"$MARKET_category_machinery;", "Category_Localised":"Machinery", "BuyPrice":2227, "SellPrice":2153, "MeanPrice":2100, "StockBracket":2, "DemandBracket":0, "Stock":73832, "Demand":1, "Consumer":false, "Producer":true, "Rare":false }, 
{ "id":128049223, "Name":"$marinesupplies_name;", "Name_Localised":"Marine Equipment", "Category":"$MARKET_category_machinery;", "Category_Localised":"Machinery", "BuyPrice":3868, "SellPrice":3745, "MeanPrice":3977, "StockBracket":2, "DemandBracket":0, "Stock":447402, "Demand":1, "Consumer":false, "Producer":true, "Rare":false }, 
{ "id":128049225, "Name":"$computercomponents_name;", "Name_Localised":"Computer Components", "Category":"$MARKET_category_technology;", "Category_Localised":"Technology", "BuyPrice":684, "SellPrice":635, "MeanPrice":691, "StockBracket":2, "DemandBracket":0, "Stock":5137, "Demand":1, "Consumer":false, "Producer":true, "Rare":false }, 
{ "id":128049226, "Name":"$hazardousenvironmentsuits_name;", "Name_Localised":"H.E. Suits", "Category":"$MARKET_category_technology;", "Category_Localised":"Technology", "BuyPrice":0, "SellPrice":838, "MeanPrice":572, "StockBracket":0, "DemandBracket":3, "Stock":0, "Demand":1624907, "Consumer":true, "Producer":false, "Rare":false }, 
{ "id":128049227, "Name":"$robotics_name;", "Name_Localised":"Robotics", "Category":"$MARKET_category_technology;", "Category_Localised":"Technology", "BuyPrice":0, "SellPrice":2990, "MeanPrice":2038, "StockBracket":0, "DemandBracket":3, "Stock":0, "Demand":621759, "Consumer":true, "Producer":false, "Rare":false }, 
{ "id":128049228, "Name":"$autofabricators_name;", "Name_Localised":"Auto-Fabricators", "Category":"$MARKET_category_technology;", "Category_Localised":"Technology", "BuyPrice":0, "SellPrice":4808, "MeanPrice":3863, "StockBracket":0, "DemandBracket":3, "Stock":0, "Demand":127199, "Consumer":true, "Producer":false, "Rare":false }, 
{ "id":128049235, "Name":"$reactivearmour_name;", "Name_Localised":"Reactive Armour", "Category":"$MARKET_category_weapons;", "Category_Localised":"Weapons", "BuyPrice":0, "SellPrice":2646, "MeanPrice":2215, "StockBracket":0, "DemandBracket":2, "Stock":0, "Demand":17115, "Consumer":true, "Producer":false, "Rare":false }, 
{ "id":128049236, "Name":"$nonlethalweapons_name;", "Name_Localised":"Non-Lethal Weapons", "Category":"$MARKET_category_weapons;", "Category_Localised":"Weapons", "BuyPrice":0, "SellPrice":2332, "MeanPrice":1924, "StockBracket":0, "DemandBracket":2, "Stock":0, "Demand":14858, "Consumer":true, "Producer":false, "Rare":false }, 
{ "id":128049238, "Name":"$domesticappliances_name;", "Name_Localised":"Domestic Appliances", "Category":"$MARKET_category_consumer_items;", "Category_Localised":"Consumer items", "BuyPrice":0, "SellPrice":955, "MeanPrice":658, "StockBracket":0, "DemandBracket":2, "Stock":0, "Demand":20987, "Consumer":true, "Producer":false, "Rare":false }, 
{ "id":128049240, "Name":"$consumertechnology_name;", "Name_Localised":"Consumer Technology", "Category":"$MARKET_category_consumer_items;", "Category_Localised":"Consumer items", "BuyPrice":0, "SellPrice":7662, "MeanPrice":6812, "StockBracket":0, "DemandBracket":3, "Stock":0, "Demand":24395, "Consumer":true, "Producer":false, "Rare":false }, 
{ "id":128049241, "Name":"$clothing_name;", "Name_Localised":"Clothing", "Category":"$MARKET_category_consumer_items;", "Category_Localised":"Consumer items", "BuyPrice":0, "SellPrice":1426, "MeanPrice":459, "StockBracket":0, "DemandBracket":3, "Stock":0, "Demand":66666, "Consumer":true, "Producer":false, "Rare":false }, 
{ "id":128049244, "Name":"$biowaste_name;", "Name_Localised":"Biowaste", "Category":"$MARKET_category_waste;", "Category_Localised":"Waste", "BuyPrice":83, "SellPrice":49, "MeanPrice":342, "StockBracket":2, "DemandBracket":0, "Stock":27678, "Demand":1, "Consumer":false, "Producer":true, "Rare":false }, 
{ "id":128049248, "Name":"$scrap_name;", "Name_Localised":"Scrap", "Category":"$MARKET_category_waste;", "Category_Localised":"Waste", "BuyPrice":163, "SellPrice":135, "MeanPrice":253, "StockBracket":2, "DemandBracket":0, "Stock":226914, "Demand":1, "Consumer":false, "Producer":true, "Rare":false }, 
{ "id":128049669, "Name":"$progenitorcells_name;", "Name_Localised":"Progenitor Cells", "Category":"$MARKET_category_medicines;", "Category_Localised":"Medicines", "BuyPrice":0, "SellPrice":7662, "MeanPrice":6803, "StockBracket":0, "DemandBracket":3, "Stock":0, "Demand":8374, "Consumer":true, "Producer":false, "Rare":false }, 
{ "id":128049672, "Name":"$bioreducinglichen_name;", "Name_Localised":"Bioreducing Lichen", "Category":"$MARKET_category_technology;", "Category_Localised":"Technology", "BuyPrice":0, "SellPrice":1603, "MeanPrice":1231, "StockBracket":0, "DemandBracket":3, "Stock":0, "Demand":123912, "Consumer":true, "Producer":false, "Rare":false }, 
{ "id":128064028, "Name":"$atmosphericextractors_name;", "Name_Localised":"Atmospheric Processors", "Category":"$MARKET_category_machinery;", "Category_Localised":"Machinery", "BuyPrice":467, "SellPrice":432, "MeanPrice":472, "StockBracket":2, "DemandBracket":0, "Stock":90431, "Demand":1, "Consumer":false, "Producer":true, "Rare":false }, 
{ "id":128668550, "Name":"$painite_name;", "Name_Localised":"Painite", "Category":"$MARKET_category_minerals;", "Category_Localised":"Minerals", "BuyPrice":0, "SellPrice":55711, "MeanPrice":52985, "StockBracket":0, "DemandBracket":2, "Stock":0, "Demand":1544, "Consumer":true, "Producer":false, "Rare":false }, 
{ "id":128671118, "Name":"$osmium_name;", "Name_Localised":"Osmium", "Category":"$MARKET_category_metals;", "Category_Localised":"Metals", "BuyPrice":0, "SellPrice":187471, "MeanPrice":45180, "StockBracket":0, "DemandBracket":3, "Stock":0, "Demand":30615, "Consumer":true, "Producer":false, "Rare":false }, 
{ "id":128672302, "Name":"$ceramiccomposites_name;", "Name_Localised":"Ceramic Composites", "Category":"$MARKET_category_industrial_materials;", "Category_Localised":"Industrial materials", "BuyPrice":0, "SellPrice":1953, "MeanPrice":393, "StockBracket":0, "DemandBracket":3, "Stock":0, "Demand":4701064, "Consumer":true, "Producer":false, "Rare":false }, 
{ "id":128672307, "Name":"$geologicalequipment_name;", "Name_Localised":"Geological Equipment", "Category":"$MARKET_category_machinery;", "Category_Localised":"Machinery", "BuyPrice":2120, "SellPrice":2047, "MeanPrice":1857, "StockBracket":1, "DemandBracket":0, "Stock":214456, "Demand":1, "Consumer":false, "Producer":true, "Rare":false }, 
{ "id":128672308, "Name":"$thermalcoolingunits_name;", "Name_Localised":"Thermal Cooling Units", "Category":"$MARKET_category_machinery;", "Category_Localised":"Machinery", "BuyPrice":3976, "SellPrice":3848, "MeanPrice":3726, "StockBracket":1, "DemandBracket":0, "Stock":1473, "Demand":1, "Consumer":false, "Producer":true, "Rare":false }, 
{ "id":128672309, "Name":"$buildingfabricators_name;", "Name_Localised":"Building Fabricators", "Category":"$MARKET_category_machinery;", "Category_Localised":"Machinery", "BuyPrice":2498, "SellPrice":2414, "MeanPrice":2248, "StockBracket":1, "DemandBracket":0, "Stock":2198, "Demand":1, "Consumer":false, "Producer":true, "Rare":false }, 
{ "id":128672313, "Name":"$skimercomponents_name;", "Name_Localised":"Skimmer Components", "Category":"$MARKET_category_machinery;", "Category_Localised":"Machinery", "BuyPrice":1094, "SellPrice":1039, "MeanPrice":1079, "StockBracket":2, "DemandBracket":0, "Stock":6159, "Demand":1, "Consumer":false, "Producer":true, "Rare":false }, 
{ "id":128673845, "Name":"$praseodymium_name;", "Name_Localised":"Praseodymium", "Category":"$MARKET_category_metals;", "Category_Localised":"Metals", "BuyPrice":0, "SellPrice":8653, "MeanPrice":8619, "StockBracket":0, "DemandBracket":3, "Stock":0, "Demand":268437, "Consumer":true, "Producer":false, "Rare":false }, 
{ "id":128673847, "Name":"$samarium_name;", "Name_Localised":"Samarium", "Category":"$MARKET_category_metals;", "Category_Localised":"Metals", "BuyPrice":0, "SellPrice":36290, "MeanPrice":25851, "StockBracket":0, "DemandBracket":3, "Stock":0, "Demand":170823, "Consumer":true, "Producer":false, "Rare":false }, 
{ "id":128673848, "Name":"$lowtemperaturediamond_name;", "Name_Localised":"Low Temperature Diamonds", "Category":"$MARKET_category_minerals;", "Category_Localised":"Minerals", "BuyPrice":0, "SellPrice":266144, "MeanPrice":106288, "StockBracket":0, "DemandBracket":2, "Stock":0, "Demand":1288, "Consumer":true, "Producer":false, "Rare":false }, 
{ "id":128673850, "Name":"$hydrogenperoxide_name;", "Name_Localised":"Hydrogen Peroxide", "Category":"$MARKET_category_chemicals;", "Category_Localised":"Chemicals", "BuyPrice":0, "SellPrice":3146, "MeanPrice":3160, "StockBracket":0, "DemandBracket":3, "Stock":0, "Demand":419291, "Consumer":true, "Producer":false, "Rare":false }, 
{ "id":128673851, "Name":"$liquidoxygen_name;", "Name_Localised":"Liquid oxygen", "Category":"$MARKET_category_chemicals;", "Category_Localised":"Chemicals", "BuyPrice":0, "SellPrice":2298, "MeanPrice":1412, "StockBracket":0, "DemandBracket":3, "Stock":0, "Demand":1096963, "Consumer":true, "Producer":false, "Rare":false }, 
{ "id":128673855, "Name":"$insulatingmembrane_name;", "Name_Localised":"Insulating Membrane", "Category":"$MARKET_category_industrial_materials;", "Category_Localised":"Industrial materials", "BuyPrice":0, "SellPrice":11789, "MeanPrice":10691, "StockBracket":0, "DemandBracket":3, "Stock":0, "Demand":42156, "Consumer":true, "Producer":false, "Rare":false }, 
{ "id":128673856, "Name":"$cmmcomposite_name;", "Name_Localised":"CMM Composite", "Category":"$MARKET_category_industrial_materials;", "Category_Localised":"Industrial materials", "BuyPrice":0, "SellPrice":6794, "MeanPrice":5984, "StockBracket":0, "DemandBracket":3, "Stock":0, "Demand":65695, "Consumer":true, "Producer":false, "Rare":false }, 
{ "id":128673857, "Name":"$coolinghoses_name;", "Name_Localised":"Micro-weave Cooling Hoses", "Category":"$MARKET_category_industrial_materials;", "Category_Localised":"Industrial materials", "BuyPrice":0, "SellPrice":1898, "MeanPrice":1886, "StockBracket":0, "DemandBracket":3, "Stock":0, "Demand":226291, "Consumer":true, "Producer":false, "Rare":false }, 
{ "id":128673860, "Name":"$hnshockmount_name;", "Name_Localised":"HN Shock Mount", "Category":"$MARKET_category_machinery;", "Category_Localised":"Machinery", "BuyPrice":1700, "SellPrice":1642, "MeanPrice":1727, "StockBracket":2, "DemandBracket":0, "Stock":81313, "Demand":1, "Consumer":false, "Producer":true, "Rare":false }, 
{ "id":128673861, "Name":"$emergencypowercells_name;", "Name_Localised":"Emergency Power Cells", "Category":"$MARKET_category_machinery;", "Category_Localised":"Machinery", "BuyPrice":0, "SellPrice":2927, "MeanPrice":2435, "StockBracket":0, "DemandBracket":3, "Stock":0, "Demand":53137, "Consumer":true, "Producer":false, "Rare":false }, 
{ "id":128673873, "Name":"$microcontrollers_name;", "Name_Localised":"Micro Controllers", "Category":"$MARKET_category_technology;", "Category_Localised":"Technology", "BuyPrice":0, "SellPrice":6402, "MeanPrice":5624, "StockBracket":0, "DemandBracket":3, "Stock":0, "Demand":35475, "Consumer":true, "Producer":false, "Rare":false }, 
{ "id":128682044, "Name":"$conductivefabrics_name;", "Name_Localised":"Conductive Fabrics", "Category":"$MARKET_category_textiles;", "Category_Localised":"Textiles", "BuyPrice":0, "SellPrice":2388, "MeanPrice":659, "StockBracket":0, "DemandBracket":3, "Stock":0, "Demand":2282441, "Consumer":true, "Producer":false, "Rare":false }, 
{ "id":128682046, "Name":"$advancedmedicines_name;", "Name_Localised":"Advanced Medicines", "Category":"$MARKET_category_medicines;", "Category_Localised":"Medicines", "BuyPrice":0, "SellPrice":1817, "MeanPrice":1475, "StockBracket":0, "DemandBracket":3, "Stock":0, "Demand":77179, "Consumer":true, "Producer":false, "Rare":false }, 
{ "id":128682048, "Name":"$survivalequipment_name;", "Name_Localised":"Survival Equipment", "Category":"$MARKET_category_consumer_items;", "Category_Localised":"Consumer items", "BuyPrice":1068, "SellPrice":992, "MeanPrice":647, "StockBracket":2, "DemandBracket":0, "Stock":45963, "Demand":1, "Consumer":false, "Producer":true, "Rare":false }, 
{ "id":128924334, "Name":"$agronomictreatment_name;", "Name_Localised":"Agronomic Treatment", "Category":"$MARKET_category_chemicals;", "Category_Localised":"Chemicals", "BuyPrice":0, "SellPrice":5724, "MeanPrice":3155, "StockBracket":0, "DemandBracket":1, "Stock":0, "Demand":24, "Consumer":true, "Producer":false, "Rare":false }, 
{ "id":128961249, "Name":"$tritium_name;", "Name_Localised":"Tritium", "Category":"$MARKET_category_chemicals;", "Category_Localised":"Chemicals", "BuyPrice":0, "SellPrice":61606, "MeanPrice":51572, "StockBracket":0, "DemandBracket":2, "Stock":0, "Demand":11913, "Consumer":true, "Producer":false, "Rare":false }
 ] }
