{ "timestamp":"2021-03-29T13:32:17Z", "event":"ModuleInfo", "Modules":[ 
{ "Slot":"MainEngines", "Item":"int_engine_size3_class5_fast", "Power":5.600000, "Priority":0 }, 
{ "Slot":"TinyHardpoint2", "Item":"hpt_cloudscanner_size0_class5", "Power":3.200000, "Priority":2 }, 
{ "Slot":"Slot03_Size2", "Item":"int_shieldgenerator_size2_class5", "Power":2.310000, "Priority":0 }, 
{ "Slot":"Slot01_Size3", "Item":"int_guardianfsdbooster_size3", "Power":1.270000, "Priority":1 }, 
{ "Slot":"CargoHatch", "Item":"modularcargobaydoor", "Power":0.600000, "Priority":3 }, 
{ "Slot":"FrameShiftDrive", "Item":"int_hyperdrive_size3_class5", "Power":0.543375, "Priority":0 }, 
{ "Slot":"Slot02_Size3", "Item":"int_fuelscoop_size3_class5", "Power":0.480000, "Priority":3 }, 
{ "Slot":"PowerDistributor", "Item":"int_powerdistributor_size3_class2", "Power":0.450000, "Priority":0 }, 
{ "Slot":"Slot08_Size1", "Item":"int_dockingcomputer_advanced", "Power":0.450000, "Priority":3 }, 
{ "Slot":"MediumHardpoint3", "Item":"hpt_pulselaser_fixed_medium", "Power":0.420000, "Priority":2 }, 
{ "Slot":"LifeSupport", "Item":"int_lifesupport_size1_class2", "Power":0.360000, "Priority":0 }, 
{ "Slot":"Slot07_Size1", "Item":"int_supercruiseassist", "Power":0.300000, "Priority":3 }, 
{ "Slot":"MediumHardpoint1", "Item":"hpt_multicannon_fixed_medium", "Power":0.276000, "Priority":2 }, 
{ "Slot":"MediumHardpoint2", "Item":"hpt_multicannon_fixed_medium", "Power":0.276000, "Priority":2 }, 
{ "Slot":"Radar", "Item":"int_sensors_size2_class2", "Power":0.210000, "Priority":0 }, 
{ "Slot":"TinyHardpoint1", "Item":"hpt_heatsinklauncher_turret_tiny", "Power":0.200000, "Priority":3 }, 
{ "Slot":"ShipCockpit", "Item":"empire_courier_cockpit", "Power":0.000000 }, 
{ "Slot":"PowerPlant", "Item":"int_powerplant_size2_class5", "Power":0.000000 }, 
{ "Slot":"Slot04_Size2", "Item":"int_cargorack_size2_class1", "Power":0.000000 }, 
{ "Slot":"WeaponColour", "Item":"weaponcustomisation_pink", "Power":0.000000 }, 
{ "Slot":"EngineColour", "Item":"enginecustomisation_pink", "Power":0.000000 }, 
{ "Slot":"DataLinkScanner", "Item":"hpt_shipdatalinkscanner", "Power":0.000000, "Priority":0 }, 
{ "Slot":"CodexScanner", "Item":"int_codexscanner", "Power":0.000000 }, 
{ "Slot":"DiscoveryScanner", "Item":"int_stellarbodydiscoveryscanner_standard", "Power":0.000000 }
 ] }
